#node1	node2	node1_string_id	node2_string_id	homology	experimentally_determined_interaction	database_annotated	automated_textmining	combined_score
AIMP2	SIAH1	9606.ENSP00000223029	9606.ENSP00000349156	0	0.457	0	0	0.457
AIMP2	PRKN	9606.ENSP00000223029	9606.ENSP00000355865	0	0.457	0	0	0.457
APP	UCHL1	9606.ENSP00000284981	9606.ENSP00000284440	0	0.479	0	0	0.479
APP	PRKN	9606.ENSP00000284981	9606.ENSP00000355865	0	0.457	0	0	0.457
APP	SNCA	9606.ENSP00000284981	9606.ENSP00000500990	0	0.542	0	0	0.542
APP	MAPT	9606.ENSP00000284981	9606.ENSP00000340820	0	0.570	0	0	0.570
APP	KLK6	9606.ENSP00000284981	9606.ENSP00000366047	0	0.929	0	0	0.929
ATP5PF	NDUFA13	9606.ENSP00000389649	9606.ENSP00000423673	0	0.629	0	0	0.629
CAV1	LRP6	9606.ENSP00000339191	9606.ENSP00000261349	0	0.457	0	0	0.457
CAV1	SQSTM1	9606.ENSP00000339191	9606.ENSP00000374455	0	0.457	0	0	0.457
CAV1	VCP	9606.ENSP00000339191	9606.ENSP00000351777	0	0.457	0	0	0.457
CDK5	LRRK2	9606.ENSP00000419782	9606.ENSP00000298910	0	0.457	0	0	0.457
CDK5	MAPT	9606.ENSP00000419782	9606.ENSP00000340820	0	0.457	0	0	0.457
CHCHD2	NDUFA8	9606.ENSP00000378812	9606.ENSP00000362873	0	0.462	0	0	0.461
CHM	RAB3A	9606.ENSP00000350386	9606.ENSP00000222256	0	0.457	0	0	0.457
CHM	RAB10	9606.ENSP00000350386	9606.ENSP00000264710	0	0.435	0	0	0.435
CHM	RAB12	9606.ENSP00000350386	9606.ENSP00000331748	0	0.460	0	0	0.460
CHM	RABGGTA	9606.ENSP00000350386	9606.ENSP00000382341	0	0.765	0	0	0.765
CHML	RAB3A	9606.ENSP00000355511	9606.ENSP00000222256	0	0.457	0	0	0.457
CHML	RABGGTA	9606.ENSP00000355511	9606.ENSP00000382341	0	0.765	0	0	0.765
CLTC	LRRK2	9606.ENSP00000479606	9606.ENSP00000298910	0	0.457	0	0	0.457
CLTC	DNAJC6	9606.ENSP00000479606	9606.ENSP00000360108	0	0.862	0	0	0.862
FBXO7	PINK1	9606.ENSP00000266087	9606.ENSP00000364204	0	0.457	0	0	0.457
GBA	SNCA	9606.ENSP00000314508	9606.ENSP00000500990	0	0.457	0	0	0.457
GDI1	RAB10	9606.ENSP00000394071	9606.ENSP00000264710	0	0.574	0	0	0.574
GDI1	RAB8A	9606.ENSP00000394071	9606.ENSP00000300935	0	0.624	0	0	0.624
GDI1	RAB12	9606.ENSP00000394071	9606.ENSP00000331748	0	0.508	0	0	0.508
GDI1	GDI2	9606.ENSP00000394071	9606.ENSP00000369538	0	0.671	0	0	0.671
GDI2	RAB10	9606.ENSP00000369538	9606.ENSP00000264710	0	0.574	0	0	0.574
GDI2	RAB8A	9606.ENSP00000369538	9606.ENSP00000300935	0	0.574	0	0	0.574
GDI2	RAB12	9606.ENSP00000369538	9606.ENSP00000331748	0	0.480	0	0	0.480
GPR37	PRKN	9606.ENSP00000306449	9606.ENSP00000355865	0	0.457	0	0	0.457
INPP5B	RAB8A	9606.ENSP00000362115	9606.ENSP00000300935	0	0.457	0	0	0.457
LRP6	LRRK2	9606.ENSP00000261349	9606.ENSP00000298910	0	0.457	0	0	0.457
LRRK1	LRRK2	9606.ENSP00000373600	9606.ENSP00000298910	0	0.457	0	0	0.457
LRRK2	RAB10	9606.ENSP00000298910	9606.ENSP00000264710	0	0.457	0	0	0.457
LRRK2	SQSTM1	9606.ENSP00000298910	9606.ENSP00000374455	0	0.457	0	0	0.457
LRRK2	SYNJ1	9606.ENSP00000298910	9606.ENSP00000409667	0	0.457	0	0	0.457
LRRK2	MAPT	9606.ENSP00000298910	9606.ENSP00000340820	0	0.457	0	0	0.457
LRRK2	RAB8A	9606.ENSP00000298910	9606.ENSP00000300935	0	0.457	0	0	0.457
LRRK2	SNCA	9606.ENSP00000298910	9606.ENSP00000500990	0	0.457	0	0	0.457
LRRK2	MFN1	9606.ENSP00000298910	9606.ENSP00000420617	0	0.457	0	0	0.457
LRRK2	RAB29	9606.ENSP00000298910	9606.ENSP00000356107	0	0.483	0	0	0.483
MAPT	PRKN	9606.ENSP00000340820	9606.ENSP00000355865	0	0.457	0	0	0.457
MAPT	PTPA	9606.ENSP00000340820	9606.ENSP00000377036	0	0.457	0	0	0.457
MAPT	SQSTM1	9606.ENSP00000340820	9606.ENSP00000374455	0	0.457	0	0	0.457
MAPT	SNCA	9606.ENSP00000340820	9606.ENSP00000500990	0	0.457	0	0	0.457
MFN1	PRKN	9606.ENSP00000420617	9606.ENSP00000355865	0	0.552	0	0	0.552
MT-ND1	NDUFB7	9606.ENSP00000354687	9606.ENSP00000215565	0	0.970	0	0	0.970
MT-ND1	NDUFS7	9606.ENSP00000354687	9606.ENSP00000233627	0	0.973	0	0	0.973
MT-ND1	NDUFA2	9606.ENSP00000354687	9606.ENSP00000252102	0	0.951	0	0	0.951
MT-ND1	NDUFA10	9606.ENSP00000354687	9606.ENSP00000252711	0	0.833	0	0	0.833
MT-ND1	NDUFAF1	9606.ENSP00000354687	9606.ENSP00000260361	0	0.516	0	0	0.516
MT-ND1	NDUFS3	9606.ENSP00000354687	9606.ENSP00000263774	0	0.951	0	0	0.951
MT-ND1	NDUFA9	9606.ENSP00000354687	9606.ENSP00000266544	0	0.946	0	0	0.946
MT-ND1	NDUFB10	9606.ENSP00000354687	9606.ENSP00000268668	0	0.947	0	0	0.947
MT-ND1	NDUFS6	9606.ENSP00000354687	9606.ENSP00000274137	0	0.966	0	0	0.966
MT-ND1	NDUFB11	9606.ENSP00000354687	9606.ENSP00000276062	0	0.921	0	0	0.921
MT-ND1	NDUFB9	9606.ENSP00000354687	9606.ENSP00000276689	0	0.947	0	0	0.947
MT-ND1	NDUFC2	9606.ENSP00000354687	9606.ENSP00000281031	0	0.825	0	0	0.825
MT-ND1	NDUFS4	9606.ENSP00000354687	9606.ENSP00000296684	0	0.951	0	0	0.951
MT-ND1	NDUFB8	9606.ENSP00000354687	9606.ENSP00000299166	0	0.945	0	0	0.945
MT-ND1	NDUFS8	9606.ENSP00000354687	9606.ENSP00000315774	0	0.973	0	0	0.973
MT-ND1	NDUFV2	9606.ENSP00000354687	9606.ENSP00000327268	0	0.978	0	0	0.978
MT-ND1	NDUFA12	9606.ENSP00000354687	9606.ENSP00000330737	0	0.972	0	0	0.972
MT-ND1	PARK7	9606.ENSP00000354687	9606.ENSP00000340278	0	0.457	0	0	0.457
MT-ND1	MT-ND6	9606.ENSP00000354687	9606.ENSP00000354665	0	0.925	0	0	0.925
MT-ND1	TIMMDC1	9606.ENSP00000354687	9606.ENSP00000418803	0	0.734	0	0	0.734
MT-ND1	NDUFA11	9606.ENSP00000354687	9606.ENSP00000389160	0	0.825	0	0	0.825
MT-ND1	NDUFB3	9606.ENSP00000354687	9606.ENSP00000407336	0	0.961	0	0	0.961
MT-ND1	NDUFA6	9606.ENSP00000354687	9606.ENSP00000482543	0	0.951	0	0	0.951
MT-ND1	NDUFA1	9606.ENSP00000354687	9606.ENSP00000360492	0	0.955	0	0	0.955
MT-ND1	NDUFA13	9606.ENSP00000354687	9606.ENSP00000423673	0	0.983	0	0	0.983
MT-ND1	NDUFS2	9606.ENSP00000354687	9606.ENSP00000356972	0	0.973	0	0	0.973
MT-ND1	NDUFS1	9606.ENSP00000354687	9606.ENSP00000392709	0	0.971	0	0	0.971
MT-ND1	NDUFA8	9606.ENSP00000354687	9606.ENSP00000362873	0	0.987	0	0	0.987
MT-ND1	MT-ND3	9606.ENSP00000354687	9606.ENSP00000355206	0	0.973	0	0	0.973
MT-ND1	NDUFV1	9606.ENSP00000354687	9606.ENSP00000497587	0	0.951	0	0	0.951
MT-ND3	NDUFB7	9606.ENSP00000355206	9606.ENSP00000215565	0	0.947	0	0	0.947
MT-ND3	NDUFS7	9606.ENSP00000355206	9606.ENSP00000233627	0	0.973	0	0	0.973
MT-ND3	NDUFA2	9606.ENSP00000355206	9606.ENSP00000252102	0	0.947	0	0	0.947
MT-ND3	NDUFA10	9606.ENSP00000355206	9606.ENSP00000252711	0	0.874	0	0	0.874
MT-ND3	NDUFAF1	9606.ENSP00000355206	9606.ENSP00000260361	0	0.422	0	0	0.422
MT-ND3	NDUFS3	9606.ENSP00000355206	9606.ENSP00000263774	0	0.947	0	0	0.947
MT-ND3	NDUFA9	9606.ENSP00000355206	9606.ENSP00000266544	0	0.946	0	0	0.946
MT-ND3	NDUFB10	9606.ENSP00000355206	9606.ENSP00000268668	0	0.947	0	0	0.947
MT-ND3	NDUFS6	9606.ENSP00000355206	9606.ENSP00000274137	0	0.954	0	0	0.954
MT-ND3	NDUFB11	9606.ENSP00000355206	9606.ENSP00000276062	0	0.861	0	0	0.861
MT-ND3	NDUFB9	9606.ENSP00000355206	9606.ENSP00000276689	0	0.947	0	0	0.947
MT-ND3	NDUFC2	9606.ENSP00000355206	9606.ENSP00000281031	0	0.844	0	0	0.844
MT-ND3	NDUFS4	9606.ENSP00000355206	9606.ENSP00000296684	0	0.947	0	0	0.947
MT-ND3	NDUFB8	9606.ENSP00000355206	9606.ENSP00000299166	0	0.946	0	0	0.946
MT-ND3	NDUFS8	9606.ENSP00000355206	9606.ENSP00000315774	0	0.947	0	0	0.947
MT-ND3	NDUFV2	9606.ENSP00000355206	9606.ENSP00000327268	0	0.947	0	0	0.947
MT-ND3	NDUFA12	9606.ENSP00000355206	9606.ENSP00000330737	0	0.947	0	0	0.947
MT-ND3	MT-ND6	9606.ENSP00000355206	9606.ENSP00000354665	0	0.933	0	0	0.933
MT-ND3	NDUFA11	9606.ENSP00000355206	9606.ENSP00000389160	0	0.844	0	0	0.844
MT-ND3	NDUFA1	9606.ENSP00000355206	9606.ENSP00000360492	0	0.833	0	0	0.833
MT-ND3	NDUFA8	9606.ENSP00000355206	9606.ENSP00000362873	0	0.947	0	0	0.947
MT-ND3	NDUFB3	9606.ENSP00000355206	9606.ENSP00000407336	0	0.946	0	0	0.946
MT-ND3	NDUFA6	9606.ENSP00000355206	9606.ENSP00000482543	0	0.972	0	0	0.972
MT-ND3	NDUFV1	9606.ENSP00000355206	9606.ENSP00000497587	0	0.947	0	0	0.947
MT-ND3	NDUFA13	9606.ENSP00000355206	9606.ENSP00000423673	0	0.973	0	0	0.973
MT-ND3	NDUFS1	9606.ENSP00000355206	9606.ENSP00000392709	0	0.947	0	0	0.947
MT-ND3	NDUFS2	9606.ENSP00000355206	9606.ENSP00000356972	0	0.973	0	0	0.973
MT-ND6	NDUFB7	9606.ENSP00000354665	9606.ENSP00000215565	0	0.861	0	0	0.861
MT-ND6	NDUFS7	9606.ENSP00000354665	9606.ENSP00000233627	0	0.861	0	0	0.861
MT-ND6	NDUFA2	9606.ENSP00000354665	9606.ENSP00000252102	0	0.861	0	0	0.861
MT-ND6	NDUFA10	9606.ENSP00000354665	9606.ENSP00000252711	0	0.881	0	0	0.881
MT-ND6	NDUFS3	9606.ENSP00000354665	9606.ENSP00000263774	0	0.951	0	0	0.951
MT-ND6	NDUFA9	9606.ENSP00000354665	9606.ENSP00000266544	0	0.930	0	0	0.930
MT-ND6	NDUFB10	9606.ENSP00000354665	9606.ENSP00000268668	0	0.861	0	0	0.861
MT-ND6	NDUFS6	9606.ENSP00000354665	9606.ENSP00000274137	0	0.833	0	0	0.833
MT-ND6	NDUFB11	9606.ENSP00000354665	9606.ENSP00000276062	0	0.861	0	0	0.861
MT-ND6	NDUFB9	9606.ENSP00000354665	9606.ENSP00000276689	0	0.861	0	0	0.861
MT-ND6	NDUFC2	9606.ENSP00000354665	9606.ENSP00000281031	0	0.867	0	0	0.867
MT-ND6	NDUFS4	9606.ENSP00000354665	9606.ENSP00000296684	0	0.861	0	0	0.861
MT-ND6	NDUFB8	9606.ENSP00000354665	9606.ENSP00000299166	0	0.861	0	0	0.861
MT-ND6	NDUFS8	9606.ENSP00000354665	9606.ENSP00000315774	0	0.861	0	0	0.861
MT-ND6	NDUFAF3	9606.ENSP00000354665	9606.ENSP00000323076	0	0.734	0	0	0.734
MT-ND6	NDUFV2	9606.ENSP00000354665	9606.ENSP00000327268	0	0.861	0	0	0.861
MT-ND6	NDUFA12	9606.ENSP00000354665	9606.ENSP00000330737	0	0.861	0	0	0.861
MT-ND6	NDUFA11	9606.ENSP00000354665	9606.ENSP00000389160	0	0.868	0	0	0.868
MT-ND6	NDUFB3	9606.ENSP00000354665	9606.ENSP00000407336	0	0.861	0	0	0.861
MT-ND6	NDUFA6	9606.ENSP00000354665	9606.ENSP00000482543	0	0.861	0	0	0.861
MT-ND6	NDUFS1	9606.ENSP00000354665	9606.ENSP00000392709	0	0.861	0	0	0.861
MT-ND6	NDUFS2	9606.ENSP00000354665	9606.ENSP00000356972	0	0.861	0	0	0.861
MT-ND6	NDUFA8	9606.ENSP00000354665	9606.ENSP00000362873	0	0.861	0	0	0.861
MT-ND6	NDUFA13	9606.ENSP00000354665	9606.ENSP00000423673	0	0.925	0	0	0.925
MT-ND6	NDUFA1	9606.ENSP00000354665	9606.ENSP00000360492	0	0.925	0	0	0.925
MT-ND6	NDUFV1	9606.ENSP00000354665	9606.ENSP00000497587	0	0.861	0	0	0.861
NDUFA1	NDUFB7	9606.ENSP00000360492	9606.ENSP00000215565	0	0.931	0	0	0.931
NDUFA1	NDUFS7	9606.ENSP00000360492	9606.ENSP00000233627	0	0.898	0	0	0.898
NDUFA1	NDUFA2	9606.ENSP00000360492	9606.ENSP00000252102	0	0.901	0	0	0.901
NDUFA1	NDUFA10	9606.ENSP00000360492	9606.ENSP00000252711	0	0.899	0	0	0.899
NDUFA1	NDUFS3	9606.ENSP00000360492	9606.ENSP00000263774	0	0.929	0	0	0.929
NDUFA1	NDUFA9	9606.ENSP00000360492	9606.ENSP00000266544	0	0.924	0	0	0.924
NDUFA1	NDUFB10	9606.ENSP00000360492	9606.ENSP00000268668	0	0.931	0	0	0.931
NDUFA1	NDUFS6	9606.ENSP00000360492	9606.ENSP00000274137	0	0.931	0	0	0.931
NDUFA1	NDUFB11	9606.ENSP00000360492	9606.ENSP00000276062	0	0.926	0	0	0.926
NDUFA1	NDUFB9	9606.ENSP00000360492	9606.ENSP00000276689	0	0.907	0	0	0.907
NDUFA1	NDUFC2	9606.ENSP00000360492	9606.ENSP00000281031	0	0.902	0	0	0.902
NDUFA1	NDUFS4	9606.ENSP00000360492	9606.ENSP00000296684	0	0.908	0	0	0.908
NDUFA1	NDUFB8	9606.ENSP00000360492	9606.ENSP00000299166	0	0.903	0	0	0.903
NDUFA1	NDUFS8	9606.ENSP00000360492	9606.ENSP00000315774	0	0.968	0	0	0.968
NDUFA1	NDUFV2	9606.ENSP00000360492	9606.ENSP00000327268	0	0.931	0	0	0.931
NDUFA1	NDUFA12	9606.ENSP00000360492	9606.ENSP00000330737	0	0.921	0	0	0.921
NDUFA1	NDUFS2	9606.ENSP00000360492	9606.ENSP00000356972	0	0.916	0	0	0.916
NDUFA1	NDUFA11	9606.ENSP00000360492	9606.ENSP00000389160	0	0.825	0	0	0.825
NDUFA1	NDUFV1	9606.ENSP00000360492	9606.ENSP00000497587	0	0.931	0	0	0.931
NDUFA1	NDUFB3	9606.ENSP00000360492	9606.ENSP00000407336	0	0.906	0	0	0.906
NDUFA1	NDUFA13	9606.ENSP00000360492	9606.ENSP00000423673	0	0.961	0	0	0.961
NDUFA1	NDUFS1	9606.ENSP00000360492	9606.ENSP00000392709	0	0.929	0	0	0.929
NDUFA1	NDUFA6	9606.ENSP00000360492	9606.ENSP00000482543	0	0.951	0	0	0.951
NDUFA1	NDUFA8	9606.ENSP00000360492	9606.ENSP00000362873	0	0.972	0	0	0.972
NDUFA10	NDUFB7	9606.ENSP00000252711	9606.ENSP00000215565	0	0.947	0	0	0.947
NDUFA10	NDUFS7	9606.ENSP00000252711	9606.ENSP00000233627	0	0.897	0	0	0.897
NDUFA10	NDUFA2	9606.ENSP00000252711	9606.ENSP00000252102	0	0.963	0	0	0.963
NDUFA10	NDUFS4	9606.ENSP00000252711	9606.ENSP00000296684	0	0.877	0	0	0.877
NDUFA10	NDUFS8	9606.ENSP00000252711	9606.ENSP00000315774	0	0.867	0	0	0.867
NDUFA10	NDUFA13	9606.ENSP00000252711	9606.ENSP00000423673	0	0.860	0	0	0.860
NDUFA10	NDUFS6	9606.ENSP00000252711	9606.ENSP00000274137	0	0.890	0	0	0.890
NDUFA10	NDUFV1	9606.ENSP00000252711	9606.ENSP00000497587	0	0.894	0	0	0.894
NDUFA10	NDUFA8	9606.ENSP00000252711	9606.ENSP00000362873	0	0.877	0	0	0.877
NDUFA10	NDUFA12	9606.ENSP00000252711	9606.ENSP00000330737	0	0.891	0	0	0.891
NDUFA10	NDUFB8	9606.ENSP00000252711	9606.ENSP00000299166	0	0.861	0	0	0.861
NDUFA10	NDUFC2	9606.ENSP00000252711	9606.ENSP00000281031	0	0.950	0	0	0.950
NDUFA10	NDUFB3	9606.ENSP00000252711	9606.ENSP00000407336	0	0.894	0	0	0.894
NDUFA10	NDUFA11	9606.ENSP00000252711	9606.ENSP00000389160	0	0.956	0	0	0.956
NDUFA10	NDUFS3	9606.ENSP00000252711	9606.ENSP00000263774	0	0.890	0	0	0.890
NDUFA10	NDUFS1	9606.ENSP00000252711	9606.ENSP00000392709	0	0.871	0	0	0.871
NDUFA10	NDUFV2	9606.ENSP00000252711	9606.ENSP00000327268	0	0.941	0	0	0.941
NDUFA10	NDUFB10	9606.ENSP00000252711	9606.ENSP00000268668	0	0.877	0	0	0.877
NDUFA10	NDUFB9	9606.ENSP00000252711	9606.ENSP00000276689	0	0.869	0	0	0.869
NDUFA10	NDUFS2	9606.ENSP00000252711	9606.ENSP00000356972	0	0.950	0	0	0.950
NDUFA10	NDUFA9	9606.ENSP00000252711	9606.ENSP00000266544	0	0.957	0	0	0.957
NDUFA10	NDUFB11	9606.ENSP00000252711	9606.ENSP00000276062	0	0.970	0	0	0.970
NDUFA10	NDUFA6	9606.ENSP00000252711	9606.ENSP00000482543	0	0.959	0	0	0.959
NDUFA11	NDUFB7	9606.ENSP00000389160	9606.ENSP00000215565	0	0.844	0	0	0.844
NDUFA11	NDUFS7	9606.ENSP00000389160	9606.ENSP00000233627	0	0.956	0	0	0.956
NDUFA11	NDUFA2	9606.ENSP00000389160	9606.ENSP00000252102	0	0.949	0	0	0.949
NDUFA11	NDUFS3	9606.ENSP00000389160	9606.ENSP00000263774	0	0.949	0	0	0.949
NDUFA11	NDUFA9	9606.ENSP00000389160	9606.ENSP00000266544	0	0.952	0	0	0.952
NDUFA11	NDUFB10	9606.ENSP00000389160	9606.ENSP00000268668	0	0.844	0	0	0.844
NDUFA11	NDUFS6	9606.ENSP00000389160	9606.ENSP00000274137	0	0.949	0	0	0.949
NDUFA11	NDUFB11	9606.ENSP00000389160	9606.ENSP00000276062	0	0.949	0	0	0.949
NDUFA11	NDUFB9	9606.ENSP00000389160	9606.ENSP00000276689	0	0.844	0	0	0.844
NDUFA11	NDUFC2	9606.ENSP00000389160	9606.ENSP00000281031	0	0.832	0	0	0.832
NDUFA11	NDUFS4	9606.ENSP00000389160	9606.ENSP00000296684	0	0.949	0	0	0.949
NDUFA11	NDUFB8	9606.ENSP00000389160	9606.ENSP00000299166	0	0.949	0	0	0.949
NDUFA11	NDUFS8	9606.ENSP00000389160	9606.ENSP00000315774	0	0.949	0	0	0.949
NDUFA11	NDUFV2	9606.ENSP00000389160	9606.ENSP00000327268	0	0.949	0	0	0.949
NDUFA11	NDUFA12	9606.ENSP00000389160	9606.ENSP00000330737	0	0.949	0	0	0.949
NDUFA11	NDUFS2	9606.ENSP00000389160	9606.ENSP00000356972	0	0.949	0	0	0.949
NDUFA11	NDUFA8	9606.ENSP00000389160	9606.ENSP00000362873	0	0.939	0	0	0.939
NDUFA11	NDUFA13	9606.ENSP00000389160	9606.ENSP00000423673	0	0.825	0	0	0.825
NDUFA11	NDUFS1	9606.ENSP00000389160	9606.ENSP00000392709	0	0.949	0	0	0.949
NDUFA11	NDUFA6	9606.ENSP00000389160	9606.ENSP00000482543	0	0.949	0	0	0.949
NDUFA11	NDUFB3	9606.ENSP00000389160	9606.ENSP00000407336	0	0.949	0	0	0.949
NDUFA11	NDUFV1	9606.ENSP00000389160	9606.ENSP00000497587	0	0.949	0	0	0.949
NDUFA12	NDUFB7	9606.ENSP00000330737	9606.ENSP00000215565	0	0.951	0	0	0.951
NDUFA12	NDUFS7	9606.ENSP00000330737	9606.ENSP00000233627	0	0.991	0	0	0.991
NDUFA12	NDUFA2	9606.ENSP00000330737	9606.ENSP00000252102	0	0.951	0	0	0.951
NDUFA12	NDUFAF1	9606.ENSP00000330737	9606.ENSP00000260361	0	0.734	0	0	0.734
NDUFA12	NDUFS3	9606.ENSP00000330737	9606.ENSP00000263774	0	0.951	0	0	0.951
NDUFA12	NDUFA9	9606.ENSP00000330737	9606.ENSP00000266544	0	0.969	0	0	0.969
NDUFA12	NDUFB10	9606.ENSP00000330737	9606.ENSP00000268668	0	0.951	0	0	0.951
NDUFA12	NDUFS6	9606.ENSP00000330737	9606.ENSP00000274137	0	0.972	0	0	0.972
NDUFA12	NDUFB11	9606.ENSP00000330737	9606.ENSP00000276062	0	0.951	0	0	0.951
NDUFA12	NDUFB9	9606.ENSP00000330737	9606.ENSP00000276689	0	0.951	0	0	0.951
NDUFA12	NDUFC2	9606.ENSP00000330737	9606.ENSP00000281031	0	0.920	0	0	0.920
NDUFA12	NDUFS4	9606.ENSP00000330737	9606.ENSP00000296684	0	0.972	0	0	0.972
NDUFA12	NDUFB8	9606.ENSP00000330737	9606.ENSP00000299166	0	0.951	0	0	0.951
NDUFA12	NDUFS8	9606.ENSP00000330737	9606.ENSP00000315774	0	0.972	0	0	0.972
NDUFA12	NDUFV2	9606.ENSP00000330737	9606.ENSP00000327268	0	0.951	0	0	0.951
NDUFA12	TIMMDC1	9606.ENSP00000330737	9606.ENSP00000418803	0	0.734	0	0	0.734
NDUFA12	NDUFB3	9606.ENSP00000330737	9606.ENSP00000407336	0	0.951	0	0	0.951
NDUFA12	NDUFS2	9606.ENSP00000330737	9606.ENSP00000356972	0	0.951	0	0	0.951
NDUFA12	NDUFA6	9606.ENSP00000330737	9606.ENSP00000482543	0	0.951	0	0	0.951
NDUFA12	NDUFA13	9606.ENSP00000330737	9606.ENSP00000423673	0	0.951	0	0	0.951
NDUFA12	NDUFS1	9606.ENSP00000330737	9606.ENSP00000392709	0	0.972	0	0	0.972
NDUFA12	NDUFA8	9606.ENSP00000330737	9606.ENSP00000362873	0	0.977	0	0	0.977
NDUFA12	NDUFV1	9606.ENSP00000330737	9606.ENSP00000497587	0	0.951	0	0	0.951
NDUFA13	NDUFB7	9606.ENSP00000423673	9606.ENSP00000215565	0	0.947	0	0	0.947
NDUFA13	NDUFS7	9606.ENSP00000423673	9606.ENSP00000233627	0	0.984	0	0	0.984
NDUFA13	NDUFA2	9606.ENSP00000423673	9606.ENSP00000252102	0	0.951	0	0	0.951
NDUFA13	NDUFAF1	9606.ENSP00000423673	9606.ENSP00000260361	0	0.817	0	0	0.817
NDUFA13	NDUFS3	9606.ENSP00000423673	9606.ENSP00000263774	0	0.951	0	0	0.951
NDUFA13	NDUFA9	9606.ENSP00000423673	9606.ENSP00000266544	0	0.969	0	0	0.969
NDUFA13	NDUFB10	9606.ENSP00000423673	9606.ENSP00000268668	0	0.977	0	0	0.977
NDUFA13	NDUFS6	9606.ENSP00000423673	9606.ENSP00000274137	0	0.975	0	0	0.975
NDUFA13	NDUFB11	9606.ENSP00000423673	9606.ENSP00000276062	0	0.921	0	0	0.921
NDUFA13	NDUFB9	9606.ENSP00000423673	9606.ENSP00000276689	0	0.968	0	0	0.968
NDUFA13	NDUFC2	9606.ENSP00000423673	9606.ENSP00000281031	0	0.948	0	0	0.948
NDUFA13	NDUFS4	9606.ENSP00000423673	9606.ENSP00000296684	0	0.951	0	0	0.951
NDUFA13	NDUFB8	9606.ENSP00000423673	9606.ENSP00000299166	0	0.945	0	0	0.945
NDUFA13	NDUFS8	9606.ENSP00000423673	9606.ENSP00000315774	0	0.989	0	0	0.989
NDUFA13	NDUFAF3	9606.ENSP00000423673	9606.ENSP00000323076	0	0.734	0	0	0.734
NDUFA13	NDUFV2	9606.ENSP00000423673	9606.ENSP00000327268	0	0.951	0	0	0.951
NDUFA13	TMEM126B	9606.ENSP00000423673	9606.ENSP00000351737	0	0.734	0	0	0.734
NDUFA13	NDUFS2	9606.ENSP00000423673	9606.ENSP00000356972	0	0.972	0	0	0.972
NDUFA13	NDUFAF4	9606.ENSP00000423673	9606.ENSP00000358272	0	0.734	0	0	0.734
NDUFA13	NDUFA8	9606.ENSP00000423673	9606.ENSP00000362873	0	0.987	0	0	0.987
NDUFA13	NDUFS1	9606.ENSP00000423673	9606.ENSP00000392709	0	0.951	0	0	0.951
NDUFA13	NDUFB3	9606.ENSP00000423673	9606.ENSP00000407336	0	0.951	0	0	0.951
NDUFA13	TIMMDC1	9606.ENSP00000423673	9606.ENSP00000418803	0	0.734	0	0	0.734
NDUFA13	NDUFV1	9606.ENSP00000423673	9606.ENSP00000497587	0	0.951	0	0	0.951
NDUFA13	NDUFA6	9606.ENSP00000423673	9606.ENSP00000482543	0	0.951	0	0	0.951
NDUFA2	NDUFB7	9606.ENSP00000252102	9606.ENSP00000215565	0	0.951	0	0	0.951
NDUFA2	NDUFS7	9606.ENSP00000252102	9606.ENSP00000233627	0	0.984	0	0	0.984
NDUFA2	NDUFC2	9606.ENSP00000252102	9606.ENSP00000281031	0	0.949	0	0	0.949
NDUFA2	NDUFB8	9606.ENSP00000252102	9606.ENSP00000299166	0	0.951	0	0	0.951
NDUFA2	NDUFS3	9606.ENSP00000252102	9606.ENSP00000263774	0	0.951	0	0	0.951
NDUFA2	NDUFB11	9606.ENSP00000252102	9606.ENSP00000276062	0	0.951	0	0	0.951
NDUFA2	NDUFA8	9606.ENSP00000252102	9606.ENSP00000362873	0	0.951	0	0	0.951
NDUFA2	NDUFA9	9606.ENSP00000252102	9606.ENSP00000266544	0	0.969	0	0	0.969
NDUFA2	NDUFS2	9606.ENSP00000252102	9606.ENSP00000356972	0	0.951	0	0	0.951
NDUFA2	NDUFS4	9606.ENSP00000252102	9606.ENSP00000296684	0	0.951	0	0	0.951
NDUFA2	NDUFB10	9606.ENSP00000252102	9606.ENSP00000268668	0	0.951	0	0	0.951
NDUFA2	NDUFS8	9606.ENSP00000252102	9606.ENSP00000315774	0	0.951	0	0	0.951
NDUFA2	NDUFB9	9606.ENSP00000252102	9606.ENSP00000276689	0	0.951	0	0	0.951
NDUFA2	NDUFV1	9606.ENSP00000252102	9606.ENSP00000497587	0	0.951	0	0	0.951
NDUFA2	NDUFS6	9606.ENSP00000252102	9606.ENSP00000274137	0	0.951	0	0	0.951
NDUFA2	NDUFA6	9606.ENSP00000252102	9606.ENSP00000482543	0	0.951	0	0	0.951
NDUFA2	NDUFV2	9606.ENSP00000252102	9606.ENSP00000327268	0	0.951	0	0	0.951
NDUFA2	NDUFS1	9606.ENSP00000252102	9606.ENSP00000392709	0	0.972	0	0	0.972
NDUFA2	NDUFB3	9606.ENSP00000252102	9606.ENSP00000407336	0	0.951	0	0	0.951
NDUFA6	NDUFB7	9606.ENSP00000482543	9606.ENSP00000215565	0	0.951	0	0	0.951
NDUFA6	NDUFS7	9606.ENSP00000482543	9606.ENSP00000233627	0	0.991	0	0	0.991
NDUFA6	NDUFS3	9606.ENSP00000482543	9606.ENSP00000263774	0	0.972	0	0	0.972
NDUFA6	NDUFA9	9606.ENSP00000482543	9606.ENSP00000266544	0	0.983	0	0	0.983
NDUFA6	NDUFB10	9606.ENSP00000482543	9606.ENSP00000268668	0	0.951	0	0	0.951
NDUFA6	NDUFS6	9606.ENSP00000482543	9606.ENSP00000274137	0	0.951	0	0	0.951
NDUFA6	NDUFB11	9606.ENSP00000482543	9606.ENSP00000276062	0	0.951	0	0	0.951
NDUFA6	NDUFB9	9606.ENSP00000482543	9606.ENSP00000276689	0	0.951	0	0	0.951
NDUFA6	NDUFC2	9606.ENSP00000482543	9606.ENSP00000281031	0	0.949	0	0	0.949
NDUFA6	NDUFS4	9606.ENSP00000482543	9606.ENSP00000296684	0	0.972	0	0	0.972
NDUFA6	NDUFB8	9606.ENSP00000482543	9606.ENSP00000299166	0	0.951	0	0	0.951
NDUFA6	NDUFS8	9606.ENSP00000482543	9606.ENSP00000315774	0	0.951	0	0	0.951
NDUFA6	NDUFV2	9606.ENSP00000482543	9606.ENSP00000327268	0	0.951	0	0	0.951
NDUFA6	NDUFS2	9606.ENSP00000482543	9606.ENSP00000356972	0	0.972	0	0	0.972
NDUFA6	NDUFA8	9606.ENSP00000482543	9606.ENSP00000362873	0	0.951	0	0	0.951
NDUFA6	NDUFS1	9606.ENSP00000482543	9606.ENSP00000392709	0	0.972	0	0	0.972
NDUFA6	NDUFB3	9606.ENSP00000482543	9606.ENSP00000407336	0	0.951	0	0	0.951
NDUFA6	NDUFV1	9606.ENSP00000482543	9606.ENSP00000497587	0	0.951	0	0	0.951
NDUFA8	NDUFB7	9606.ENSP00000362873	9606.ENSP00000215565	0	0.980	0	0	0.980
NDUFA8	NDUFS7	9606.ENSP00000362873	9606.ENSP00000233627	0	0.969	0	0	0.969
NDUFA8	NDUFAF1	9606.ENSP00000362873	9606.ENSP00000260361	0	0.637	0	0	0.637
NDUFA8	NDUFS3	9606.ENSP00000362873	9606.ENSP00000263774	0	0.975	0	0	0.975
NDUFA8	NDUFA9	9606.ENSP00000362873	9606.ENSP00000266544	0	0.958	0	0	0.958
NDUFA8	NDUFB10	9606.ENSP00000362873	9606.ENSP00000268668	0	0.954	0	0	0.954
NDUFA8	NDUFS6	9606.ENSP00000362873	9606.ENSP00000274137	0	0.977	0	0	0.977
NDUFA8	NDUFB11	9606.ENSP00000362873	9606.ENSP00000276062	0	0.861	0	0	0.861
NDUFA8	NDUFB9	9606.ENSP00000362873	9606.ENSP00000276689	0	0.978	0	0	0.978
NDUFA8	NDUFC2	9606.ENSP00000362873	9606.ENSP00000281031	0	0.972	0	0	0.972
NDUFA8	NDUFS4	9606.ENSP00000362873	9606.ENSP00000296684	0	0.976	0	0	0.976
NDUFA8	NDUFB8	9606.ENSP00000362873	9606.ENSP00000299166	0	0.977	0	0	0.977
NDUFA8	NDUFS8	9606.ENSP00000362873	9606.ENSP00000315774	0	0.980	0	0	0.980
NDUFA8	NDUFAF3	9606.ENSP00000362873	9606.ENSP00000323076	0	0.734	0	0	0.734
NDUFA8	NDUFV2	9606.ENSP00000362873	9606.ENSP00000327268	0	0.979	0	0	0.979
NDUFA8	NDUFS2	9606.ENSP00000362873	9606.ENSP00000356972	0	0.974	0	0	0.974
NDUFA8	TIMMDC1	9606.ENSP00000362873	9606.ENSP00000418803	0	0.734	0	0	0.734
NDUFA8	NDUFV1	9606.ENSP00000362873	9606.ENSP00000497587	0	0.980	0	0	0.980
NDUFA8	NDUFS1	9606.ENSP00000362873	9606.ENSP00000392709	0	0.979	0	0	0.979
NDUFA8	NDUFB3	9606.ENSP00000362873	9606.ENSP00000407336	0	0.978	0	0	0.978
NDUFA9	NDUFB7	9606.ENSP00000266544	9606.ENSP00000215565	0	0.969	0	0	0.969
NDUFA9	NDUFS7	9606.ENSP00000266544	9606.ENSP00000233627	0	0.982	0	0	0.982
NDUFA9	NDUFS3	9606.ENSP00000266544	9606.ENSP00000263774	0	0.983	0	0	0.983
NDUFA9	TIMMDC1	9606.ENSP00000266544	9606.ENSP00000418803	0	0.734	0	0	0.734
NDUFA9	NDUFC2	9606.ENSP00000266544	9606.ENSP00000281031	0	0.909	0	0	0.909
NDUFA9	NDUFB11	9606.ENSP00000266544	9606.ENSP00000276062	0	0.959	0	0	0.959
NDUFA9	NDUFB3	9606.ENSP00000266544	9606.ENSP00000407336	0	0.969	0	0	0.969
NDUFA9	NDUFS6	9606.ENSP00000266544	9606.ENSP00000274137	0	0.983	0	0	0.983
NDUFA9	NDUFB8	9606.ENSP00000266544	9606.ENSP00000299166	0	0.969	0	0	0.969
NDUFA9	NDUFV1	9606.ENSP00000266544	9606.ENSP00000497587	0	0.969	0	0	0.969
NDUFA9	NDUFB9	9606.ENSP00000266544	9606.ENSP00000276689	0	0.954	0	0	0.954
NDUFA9	NDUFS8	9606.ENSP00000266544	9606.ENSP00000315774	0	0.983	0	0	0.983
NDUFA9	NDUFB10	9606.ENSP00000266544	9606.ENSP00000268668	0	0.969	0	0	0.969
NDUFA9	NDUFS2	9606.ENSP00000266544	9606.ENSP00000356972	0	0.969	0	0	0.969
NDUFA9	NDUFV2	9606.ENSP00000266544	9606.ENSP00000327268	0	0.969	0	0	0.969
NDUFA9	NDUFS1	9606.ENSP00000266544	9606.ENSP00000392709	0	0.969	0	0	0.969
NDUFA9	NDUFS4	9606.ENSP00000266544	9606.ENSP00000296684	0	0.983	0	0	0.983
NDUFAF1	NDUFS7	9606.ENSP00000260361	9606.ENSP00000233627	0	0.457	0	0	0.457
NDUFAF1	TIMMDC1	9606.ENSP00000260361	9606.ENSP00000418803	0	0.734	0	0	0.734
NDUFAF1	NDUFAF4	9606.ENSP00000260361	9606.ENSP00000358272	0	0.559	0	0	0.559
NDUFAF1	NDUFAF3	9606.ENSP00000260361	9606.ENSP00000323076	0	0.734	0	0	0.734
NDUFAF1	NDUFS3	9606.ENSP00000260361	9606.ENSP00000263774	0	0.734	0	0	0.734
NDUFAF1	NDUFB11	9606.ENSP00000260361	9606.ENSP00000276062	0	0.734	0	0	0.734
NDUFAF1	NDUFS1	9606.ENSP00000260361	9606.ENSP00000392709	0	0.734	0	0	0.734
NDUFAF1	TMEM126B	9606.ENSP00000260361	9606.ENSP00000351737	0	0.734	0	0	0.734
NDUFAF2	NDUFB9	9606.ENSP00000296597	9606.ENSP00000276689	0	0.638	0	0	0.638
NDUFAF2	NDUFS8	9606.ENSP00000296597	9606.ENSP00000315774	0	0.422	0	0	0.422
NDUFAF2	NDUFB8	9606.ENSP00000296597	9606.ENSP00000299166	0	0.621	0	0	0.621
NDUFAF2	NDUFS1	9606.ENSP00000296597	9606.ENSP00000392709	0	0.422	0	0	0.422
NDUFAF2	NDUFV2	9606.ENSP00000296597	9606.ENSP00000327268	0	0.640	0	0	0.640
NDUFAF3	NDUFS7	9606.ENSP00000323076	9606.ENSP00000233627	0	0.734	0	0	0.734
NDUFAF3	NDUFS3	9606.ENSP00000323076	9606.ENSP00000263774	0	0.734	0	0	0.734
NDUFAF3	NDUFB10	9606.ENSP00000323076	9606.ENSP00000268668	0	0.734	0	0	0.734
NDUFAF3	NDUFS8	9606.ENSP00000323076	9606.ENSP00000315774	0	0.734	0	0	0.734
NDUFAF3	TMEM126B	9606.ENSP00000323076	9606.ENSP00000351737	0	0.610	0	0	0.610
NDUFAF3	NDUFAF5	9606.ENSP00000323076	9606.ENSP00000367346	0	0.734	0	0	0.734
NDUFAF3	TIMMDC1	9606.ENSP00000323076	9606.ENSP00000418803	0	0.734	0	0	0.734
NDUFAF3	NDUFS2	9606.ENSP00000323076	9606.ENSP00000356972	0	0.734	0	0	0.734
NDUFAF3	NDUFAF4	9606.ENSP00000323076	9606.ENSP00000358272	0	0.734	0	0	0.734
NDUFAF4	NDUFS7	9606.ENSP00000358272	9606.ENSP00000233627	0	0.734	0	0	0.734
NDUFAF4	NDUFS3	9606.ENSP00000358272	9606.ENSP00000263774	0	0.609	0	0	0.609
NDUFAF4	NDUFC2	9606.ENSP00000358272	9606.ENSP00000281031	0	0.577	0	0	0.577
NDUFAF4	NDUFS8	9606.ENSP00000358272	9606.ENSP00000315774	0	0.610	0	0	0.610
NDUFAF4	TMEM126B	9606.ENSP00000358272	9606.ENSP00000351737	0	0.522	0	0	0.522
NDUFAF4	NDUFS2	9606.ENSP00000358272	9606.ENSP00000356972	0	0.586	0	0	0.586
NDUFAF4	TIMMDC1	9606.ENSP00000358272	9606.ENSP00000418803	0	0.734	0	0	0.734
NDUFAF5	NDUFS7	9606.ENSP00000367346	9606.ENSP00000233627	0	0.734	0	0	0.734
NDUFAF5	NDUFAF8	9606.ENSP00000367346	9606.ENSP00000400184	0	0.457	0	0	0.457
NDUFB10	NDUFB7	9606.ENSP00000268668	9606.ENSP00000215565	0	0.980	0	0	0.980
NDUFB10	NDUFS7	9606.ENSP00000268668	9606.ENSP00000233627	0	0.896	0	0	0.896
NDUFB10	NDUFS3	9606.ENSP00000268668	9606.ENSP00000263774	0	0.951	0	0	0.951
NDUFB10	TIMMDC1	9606.ENSP00000268668	9606.ENSP00000418803	0	0.734	0	0	0.734
NDUFB10	NDUFV1	9606.ENSP00000268668	9606.ENSP00000497587	0	0.957	0	0	0.957
NDUFB10	NDUFS8	9606.ENSP00000268668	9606.ENSP00000315774	0	0.954	0	0	0.954
NDUFB10	NDUFC2	9606.ENSP00000268668	9606.ENSP00000281031	0	0.970	0	0	0.970
NDUFB10	NDUFS4	9606.ENSP00000268668	9606.ENSP00000296684	0	0.951	0	0	0.951
NDUFB10	NDUFB11	9606.ENSP00000268668	9606.ENSP00000276062	0	0.976	0	0	0.976
NDUFB10	NDUFB8	9606.ENSP00000268668	9606.ENSP00000299166	0	0.973	0	0	0.973
NDUFB10	NDUFS6	9606.ENSP00000268668	9606.ENSP00000274137	0	0.978	0	0	0.978
NDUFB10	NDUFB3	9606.ENSP00000268668	9606.ENSP00000407336	0	0.970	0	0	0.970
NDUFB10	NDUFB9	9606.ENSP00000268668	9606.ENSP00000276689	0	0.963	0	0	0.963
NDUFB10	NDUFS1	9606.ENSP00000268668	9606.ENSP00000392709	0	0.971	0	0	0.971
NDUFB10	NDUFV2	9606.ENSP00000268668	9606.ENSP00000327268	0	0.980	0	0	0.980
NDUFB10	NDUFS2	9606.ENSP00000268668	9606.ENSP00000356972	0	0.947	0	0	0.947
NDUFB11	NDUFB7	9606.ENSP00000276062	9606.ENSP00000215565	0	0.949	0	0	0.949
NDUFB11	NDUFS7	9606.ENSP00000276062	9606.ENSP00000233627	0	0.931	0	0	0.931
NDUFB11	NDUFS3	9606.ENSP00000276062	9606.ENSP00000263774	0	0.951	0	0	0.951
NDUFB11	NDUFS6	9606.ENSP00000276062	9606.ENSP00000274137	0	0.930	0	0	0.930
NDUFB11	TMEM126B	9606.ENSP00000276062	9606.ENSP00000351737	0	0.601	0	0	0.601
NDUFB11	NDUFB8	9606.ENSP00000276062	9606.ENSP00000299166	0	0.937	0	0	0.937
NDUFB11	NDUFS1	9606.ENSP00000276062	9606.ENSP00000392709	0	0.949	0	0	0.949
NDUFB11	NDUFS4	9606.ENSP00000276062	9606.ENSP00000296684	0	0.943	0	0	0.943
NDUFB11	NDUFV2	9606.ENSP00000276062	9606.ENSP00000327268	0	0.949	0	0	0.949
NDUFB11	NDUFV1	9606.ENSP00000276062	9606.ENSP00000497587	0	0.949	0	0	0.949
NDUFB11	NDUFB3	9606.ENSP00000276062	9606.ENSP00000407336	0	0.939	0	0	0.939
NDUFB11	NDUFS8	9606.ENSP00000276062	9606.ENSP00000315774	0	0.951	0	0	0.951
NDUFB11	NDUFC2	9606.ENSP00000276062	9606.ENSP00000281031	0	0.971	0	0	0.971
NDUFB11	NDUFS2	9606.ENSP00000276062	9606.ENSP00000356972	0	0.972	0	0	0.972
NDUFB11	NDUFB9	9606.ENSP00000276062	9606.ENSP00000276689	0	0.974	0	0	0.974
NDUFB3	NDUFB7	9606.ENSP00000407336	9606.ENSP00000215565	0	0.970	0	0	0.970
NDUFB3	NDUFS7	9606.ENSP00000407336	9606.ENSP00000233627	0	0.925	0	0	0.925
NDUFB3	NDUFS3	9606.ENSP00000407336	9606.ENSP00000263774	0	0.978	0	0	0.978
NDUFB3	NDUFS6	9606.ENSP00000407336	9606.ENSP00000274137	0	0.972	0	0	0.972
NDUFB3	NDUFB9	9606.ENSP00000407336	9606.ENSP00000276689	0	0.984	0	0	0.984
NDUFB3	NDUFC2	9606.ENSP00000407336	9606.ENSP00000281031	0	0.907	0	0	0.907
NDUFB3	NDUFS4	9606.ENSP00000407336	9606.ENSP00000296684	0	0.976	0	0	0.976
NDUFB3	NDUFB8	9606.ENSP00000407336	9606.ENSP00000299166	0	0.970	0	0	0.970
NDUFB3	NDUFS8	9606.ENSP00000407336	9606.ENSP00000315774	0	0.970	0	0	0.970
NDUFB3	NDUFV2	9606.ENSP00000407336	9606.ENSP00000327268	0	0.970	0	0	0.970
NDUFB3	NDUFS2	9606.ENSP00000407336	9606.ENSP00000356972	0	0.968	0	0	0.968
NDUFB3	NDUFS1	9606.ENSP00000407336	9606.ENSP00000392709	0	0.968	0	0	0.968
NDUFB3	NDUFV1	9606.ENSP00000407336	9606.ENSP00000497587	0	0.970	0	0	0.970
NDUFB7	NDUFC2	9606.ENSP00000215565	9606.ENSP00000281031	0	0.928	0	0	0.928
NDUFB7	NDUFS2	9606.ENSP00000215565	9606.ENSP00000356972	0	0.947	0	0	0.947
NDUFB7	NDUFS1	9606.ENSP00000215565	9606.ENSP00000392709	0	0.947	0	0	0.947
NDUFB7	NDUFS3	9606.ENSP00000215565	9606.ENSP00000263774	0	0.951	0	0	0.951
NDUFB7	NDUFV2	9606.ENSP00000215565	9606.ENSP00000327268	0	0.977	0	0	0.977
NDUFB7	NDUFS4	9606.ENSP00000215565	9606.ENSP00000296684	0	0.974	0	0	0.974
NDUFB7	NDUFS7	9606.ENSP00000215565	9606.ENSP00000233627	0	0.975	0	0	0.975
NDUFB7	NDUFB9	9606.ENSP00000215565	9606.ENSP00000276689	0	0.978	0	0	0.978
NDUFB7	NDUFS8	9606.ENSP00000215565	9606.ENSP00000315774	0	0.977	0	0	0.977
NDUFB7	NDUFB8	9606.ENSP00000215565	9606.ENSP00000299166	0	0.984	0	0	0.984
NDUFB7	NDUFV1	9606.ENSP00000215565	9606.ENSP00000497587	0	0.977	0	0	0.977
NDUFB7	NDUFS6	9606.ENSP00000215565	9606.ENSP00000274137	0	0.978	0	0	0.978
NDUFB8	NDUFS7	9606.ENSP00000299166	9606.ENSP00000233627	0	0.927	0	0	0.927
NDUFB8	NDUFS3	9606.ENSP00000299166	9606.ENSP00000263774	0	0.951	0	0	0.951
NDUFB8	NDUFS6	9606.ENSP00000299166	9606.ENSP00000274137	0	0.973	0	0	0.973
NDUFB8	NDUFB9	9606.ENSP00000299166	9606.ENSP00000276689	0	0.988	0	0	0.988
NDUFB8	NDUFC2	9606.ENSP00000299166	9606.ENSP00000281031	0	0.907	0	0	0.907
NDUFB8	NDUFS4	9606.ENSP00000299166	9606.ENSP00000296684	0	0.951	0	0	0.951
NDUFB8	TIMMDC1	9606.ENSP00000299166	9606.ENSP00000418803	0	0.734	0	0	0.734
NDUFB8	NDUFS2	9606.ENSP00000299166	9606.ENSP00000356972	0	0.946	0	0	0.946
NDUFB8	NDUFS1	9606.ENSP00000299166	9606.ENSP00000392709	0	0.946	0	0	0.946
NDUFB8	NDUFV1	9606.ENSP00000299166	9606.ENSP00000497587	0	0.956	0	0	0.956
NDUFB8	NDUFV2	9606.ENSP00000299166	9606.ENSP00000327268	0	0.969	0	0	0.969
NDUFB8	NDUFS8	9606.ENSP00000299166	9606.ENSP00000315774	0	0.953	0	0	0.953
NDUFB9	NDUFS7	9606.ENSP00000276689	9606.ENSP00000233627	0	0.969	0	0	0.969
NDUFB9	NDUFS3	9606.ENSP00000276689	9606.ENSP00000263774	0	0.978	0	0	0.978
NDUFB9	NDUFS6	9606.ENSP00000276689	9606.ENSP00000274137	0	0.975	0	0	0.975
NDUFB9	TIMMDC1	9606.ENSP00000276689	9606.ENSP00000418803	0	0.734	0	0	0.734
NDUFB9	NDUFC2	9606.ENSP00000276689	9606.ENSP00000281031	0	0.916	0	0	0.916
NDUFB9	NDUFS4	9606.ENSP00000276689	9606.ENSP00000296684	0	0.947	0	0	0.947
NDUFB9	NDUFV1	9606.ENSP00000276689	9606.ENSP00000497587	0	0.954	0	0	0.954
NDUFB9	NDUFS8	9606.ENSP00000276689	9606.ENSP00000315774	0	0.954	0	0	0.954
NDUFB9	NDUFS2	9606.ENSP00000276689	9606.ENSP00000356972	0	0.947	0	0	0.947
NDUFB9	NDUFV2	9606.ENSP00000276689	9606.ENSP00000327268	0	0.971	0	0	0.971
NDUFB9	NDUFS1	9606.ENSP00000276689	9606.ENSP00000392709	0	0.963	0	0	0.963
NDUFC2	NDUFS7	9606.ENSP00000281031	9606.ENSP00000233627	0	0.917	0	0	0.917
NDUFC2	NDUFS3	9606.ENSP00000281031	9606.ENSP00000263774	0	0.884	0	0	0.884
NDUFC2	NDUFS6	9606.ENSP00000281031	9606.ENSP00000274137	0	0.925	0	0	0.925
NDUFC2	TMEM126B	9606.ENSP00000281031	9606.ENSP00000351737	0	0.666	0	0	0.666
NDUFC2	TIMMDC1	9606.ENSP00000281031	9606.ENSP00000418803	0	0.656	0	0	0.656
NDUFC2	NDUFS1	9606.ENSP00000281031	9606.ENSP00000392709	0	0.862	0	0	0.862
NDUFC2	NDUFS8	9606.ENSP00000281031	9606.ENSP00000315774	0	0.859	0	0	0.859
NDUFC2	NDUFS2	9606.ENSP00000281031	9606.ENSP00000356972	0	0.865	0	0	0.865
NDUFC2	NDUFV2	9606.ENSP00000281031	9606.ENSP00000327268	0	0.924	0	0	0.924
NDUFC2	NDUFS4	9606.ENSP00000281031	9606.ENSP00000296684	0	0.912	0	0	0.912
NDUFC2	NDUFV1	9606.ENSP00000281031	9606.ENSP00000497587	0	0.925	0	0	0.925
NDUFS1	NDUFS7	9606.ENSP00000392709	9606.ENSP00000233627	0	0.984	0	0	0.984
NDUFS1	NDUFS3	9606.ENSP00000392709	9606.ENSP00000263774	0	0.972	0	0	0.972
NDUFS1	NDUFS6	9606.ENSP00000392709	9606.ENSP00000274137	0	0.972	0	0	0.972
NDUFS1	NDUFS4	9606.ENSP00000392709	9606.ENSP00000296684	0	0.972	0	0	0.972
NDUFS1	NDUFS8	9606.ENSP00000392709	9606.ENSP00000315774	0	0.983	0	0	0.983
NDUFS1	NDUFV2	9606.ENSP00000392709	9606.ENSP00000327268	0	0.972	0	0	0.972
NDUFS1	NDUFS2	9606.ENSP00000392709	9606.ENSP00000356972	0	0.987	0	0	0.987
NDUFS1	NDUFV1	9606.ENSP00000392709	9606.ENSP00000497587	0	0.972	0	0	0.972
NDUFS2	NDUFS7	9606.ENSP00000356972	9606.ENSP00000233627	0	0.991	0	0	0.991
NDUFS2	NDUFS3	9606.ENSP00000356972	9606.ENSP00000263774	0	0.972	0	0	0.972
NDUFS2	NDUFS6	9606.ENSP00000356972	9606.ENSP00000274137	0	0.972	0	0	0.972
NDUFS2	NDUFS4	9606.ENSP00000356972	9606.ENSP00000296684	0	0.951	0	0	0.951
NDUFS2	NDUFS8	9606.ENSP00000356972	9606.ENSP00000315774	0	0.988	0	0	0.988
NDUFS2	NDUFV2	9606.ENSP00000356972	9606.ENSP00000327268	0	0.951	0	0	0.951
NDUFS2	TIMMDC1	9606.ENSP00000356972	9606.ENSP00000418803	0	0.734	0	0	0.734
NDUFS2	NDUFV1	9606.ENSP00000356972	9606.ENSP00000497587	0	0.951	0	0	0.951
NDUFS3	NDUFS7	9606.ENSP00000263774	9606.ENSP00000233627	0	0.991	0	0	0.991
NDUFS3	TMEM126B	9606.ENSP00000263774	9606.ENSP00000351737	0	0.614	0	0	0.614
NDUFS3	TIMMDC1	9606.ENSP00000263774	9606.ENSP00000418803	0	0.549	0	0	0.549
NDUFS3	NDUFV1	9606.ENSP00000263774	9606.ENSP00000497587	0	0.951	0	0	0.951
NDUFS3	NDUFS4	9606.ENSP00000263774	9606.ENSP00000296684	0	0.972	0	0	0.972
NDUFS3	NDUFV2	9606.ENSP00000263774	9606.ENSP00000327268	0	0.951	0	0	0.951
NDUFS3	NDUFS8	9606.ENSP00000263774	9606.ENSP00000315774	0	0.972	0	0	0.972
NDUFS3	NDUFS6	9606.ENSP00000263774	9606.ENSP00000274137	0	0.951	0	0	0.951
NDUFS4	NDUFS7	9606.ENSP00000296684	9606.ENSP00000233627	0	0.968	0	0	0.968
NDUFS4	NDUFS6	9606.ENSP00000296684	9606.ENSP00000274137	0	0.974	0	0	0.974
NDUFS4	NDUFV1	9606.ENSP00000296684	9606.ENSP00000497587	0	0.972	0	0	0.972
NDUFS4	NDUFS8	9606.ENSP00000296684	9606.ENSP00000315774	0	0.972	0	0	0.972
NDUFS4	NDUFV2	9606.ENSP00000296684	9606.ENSP00000327268	0	0.972	0	0	0.972
NDUFS6	NDUFS7	9606.ENSP00000274137	9606.ENSP00000233627	0	0.972	0	0	0.972
NDUFS6	NDUFV1	9606.ENSP00000274137	9606.ENSP00000497587	0	0.951	0	0	0.951
NDUFS6	NDUFV2	9606.ENSP00000274137	9606.ENSP00000327268	0	0.972	0	0	0.972
NDUFS6	NDUFS8	9606.ENSP00000274137	9606.ENSP00000315774	0	0.972	0	0	0.972
NDUFS7	TIMMDC1	9606.ENSP00000233627	9606.ENSP00000418803	0	0.734	0	0	0.734
NDUFS7	NDUFV2	9606.ENSP00000233627	9606.ENSP00000327268	0	0.974	0	0	0.974
NDUFS7	NDUFS8	9606.ENSP00000233627	9606.ENSP00000315774	0	0.991	0	0	0.991
NDUFS7	NDUFV1	9606.ENSP00000233627	9606.ENSP00000497587	0	0.975	0	0	0.975
NDUFS8	TIMMDC1	9606.ENSP00000315774	9606.ENSP00000418803	0	0.734	0	0	0.734
NDUFS8	NDUFV1	9606.ENSP00000315774	9606.ENSP00000497587	0	0.951	0	0	0.951
NDUFS8	NDUFV2	9606.ENSP00000315774	9606.ENSP00000327268	0	0.980	0	0	0.980
NDUFV1	NDUFV2	9606.ENSP00000497587	9606.ENSP00000327268	0	0.972	0	0	0.972
NDUFV1	TIMMDC1	9606.ENSP00000497587	9606.ENSP00000418803	0	0.734	0	0	0.734
PARK7	SNCA	9606.ENSP00000340278	9606.ENSP00000500990	0	0.457	0	0	0.457
PARK7	PRKN	9606.ENSP00000340278	9606.ENSP00000355865	0	0.457	0	0	0.457
PARK7	PINK1	9606.ENSP00000340278	9606.ENSP00000364204	0	0.457	0	0	0.457
PINK1	RHOT1	9606.ENSP00000364204	9606.ENSP00000351132	0	0.457	0	0	0.457
PINK1	PRKN	9606.ENSP00000364204	9606.ENSP00000355865	0	0.485	0	0	0.485
PINK1	SNCA	9606.ENSP00000364204	9606.ENSP00000500990	0	0.457	0	0	0.457
PRKN	SNCAIP	9606.ENSP00000355865	9606.ENSP00000261367	0	0.457	0	0	0.457
PRKN	UCHL1	9606.ENSP00000355865	9606.ENSP00000284440	0	0.457	0	0	0.457
PRKN	RHOT2	9606.ENSP00000355865	9606.ENSP00000321971	0	0.550	0	0	0.550
PRKN	RHOT1	9606.ENSP00000355865	9606.ENSP00000351132	0	0.550	0	0	0.550
PRKN	VCP	9606.ENSP00000355865	9606.ENSP00000351777	0	0.550	0	0	0.550
PRKN	TBC1D15	9606.ENSP00000355865	9606.ENSP00000448182	0	0.422	0	0	0.422
PRKN	SEPTIN5	9606.ENSP00000355865	9606.ENSP00000391311	0	0.457	0	0	0.457
PRKN	SQSTM1	9606.ENSP00000355865	9606.ENSP00000374455	0	0.550	0	0	0.550
PRKN	UBE2L3	9606.ENSP00000355865	9606.ENSP00000400906	0	0.457	0	0	0.457
PRKN	SNCA	9606.ENSP00000355865	9606.ENSP00000500990	0	0.457	0	0	0.457
RAB10	RAB8A	9606.ENSP00000264710	9606.ENSP00000300935	0	0.569	0	0	0.569
RAB10	RILPL1	9606.ENSP00000264710	9606.ENSP00000366070	0	0.457	0	0	0.457
RAB12	RILPL1	9606.ENSP00000331748	9606.ENSP00000366070	0	0.457	0	0	0.457
RAB29	RABGGTA	9606.ENSP00000356107	9606.ENSP00000382341	0	0.416	0	0	0.416
RAB3A	SNCA	9606.ENSP00000222256	9606.ENSP00000500990	0	0.457	0	0	0.457
RAB3IP	RAB8A	9606.ENSP00000447300	9606.ENSP00000300935	0	0.968	0	0	0.968
RAB8A	SNCA	9606.ENSP00000300935	9606.ENSP00000500990	0	0.423	0	0	0.422
RAB8A	RILPL1	9606.ENSP00000300935	9606.ENSP00000366070	0	0.457	0	0	0.457
RABGGTA	RABGGTB	9606.ENSP00000382341	9606.ENSP00000317473	0	0.869	0	0	0.869
RHOT1	RHOT2	9606.ENSP00000351132	9606.ENSP00000321971	0	0.613	0	0	0.613
RNF19A	VCP	9606.ENSP00000428968	9606.ENSP00000351777	0	0.457	0	0	0.457
RNF19A	UBE2L3	9606.ENSP00000428968	9606.ENSP00000400906	0	0.457	0	0	0.457
SIAH1	SNCAIP	9606.ENSP00000349156	9606.ENSP00000261367	0	0.457	0	0	0.457
SIAH1	SNCA	9606.ENSP00000349156	9606.ENSP00000500990	0	0.457	0	0	0.457
SNCA	SNCAIP	9606.ENSP00000500990	9606.ENSP00000261367	0	0.526	0	0	0.526
SNCA	SQSTM1	9606.ENSP00000500990	9606.ENSP00000374455	0	0.412	0	0	0.412
SNCA	SNCB	9606.ENSP00000500990	9606.ENSP00000377296	0	0.457	0	0	0.457
TIMMDC1	TMEM126B	9606.ENSP00000418803	9606.ENSP00000351737	0	0.734	0	0	0.734
VPS35	WASHC2C	9606.ENSP00000299138	9606.ENSP00000485513	0	0.457	0	0	0.457
